
// To target .NET Core 2.0:
<Project Sdk="Microsoft.NET.Sdk">

  <PropertyGroup>
    <OutputType>Exe</OutputType>
    <TargetFramework>netcoreapp2.0</TargetFramework>
  </PropertyGroup>

</Project>


// Use the plural TargetFrameworks element with multiple target frameworks. 
<Project Sdk="Microsoft.NET.Sdk">

  <PropertyGroup>
    <TargetFrameworks>netstandard1.4;net40;net45</TargetFrameworks>
  </PropertyGroup>

  <!-- Conditionally obtain references for the .NET Framework 4.0 target -->
  <ItemGroup Condition=" '$(TargetFramework)' == 'net40' ">
    <Reference Include="System.Net" />
  </ItemGroup>

  <!-- Conditionally obtain references for the .NET Framework 4.5 target -->
  <ItemGroup Condition=" '$(TargetFramework)' == 'net45' ">
    <Reference Include="System.Net.Http" />
    <Reference Include="System.Threading.Tasks" />
  </ItemGroup>

</Project>